N,P,K,temperature,humidity,ph,rainfall,label
50,47,48,24.63676897,90.61964344,6.712772332999999,218.2299187,papaya
94,70,48,25.13686519,84.88394407,6.195152442,91.46442491,banana
16,70,20,24.80467592,40.1242747,5.6093956,121.5639121,pigeonpeas
13,64,20,19.1345771,62.57526895,6.590571088,36.46946971,lentil
17,43,22,30.06142622,45.90067655,5.498340807999999,41.0550915,mothbeans
92,44,16,18.87751445,65.76816093,6.082973754,94.76189431,maize
87,23,28,26.22367404,62.26594559,6.979590627,193.7461968,coffee
103,27,31,27.15998538,51.59100753,6.691541233,126.1752206,coffee
91,7,53,25.13735887,89.28272716,6.457216535,43.52897517,watermelon
75,54,36,26.29465461,84.56919326,7.023936392,257.4914906,rice
34,34,35,27.27433181,47.16808054,6.422710539,95.257992,mango
98,47,37,23.48381344,81.33265073,7.375482851,224.0581164,rice
59,47,53,32.86316618,91.4618874,6.8506632320000005,47.271547,papaya
32,56,18,20.0467711,65.84395319,7.135251532000001,46.05333124,lentil
12,29,13,22.45616931,91.52781832,7.57125447,118.0069295,orange
26,65,22,17.84806561,18.77621951,5.9499490810000015,143.09841709999995,kidneybeans
12,6,8,30.84835031,92.86773675,6.388617138,107.4142681,orange
9,143,197,23.75033085,92.88160462,5.570020684,117.6602827,apple
32,55,51,29.60718808,93.15642801,6.57398033,62.68710535,papaya
84,27,29,23.32293161,53.00366334,7.167092586,168.26442869999997,coffee
53,65,76,20.19137759,16.41998269,8.719960893,77.33795356,chickpea
95,37,35,27.31317116,68.42333909999999,6.348337518999998,192.4288139,coffee
58,66,79,20.99373558,19.33470387,8.718192847000001,93.55280105,chickpea
80,30,25,26.24092174,65.64381357,7.487266991,148.37712019999995,coffee
102,73,52,27.9122104,83.36307683,6.356090905,90.24211529,banana
54,62,80,17.48911699,16.39055394,7.489545074,79.45758333,chickpea
74,40,40,25.13842773,83.12053888,6.386259977999999,169.33884650000005,jute
93,85,49,27.96799119,79.28625709,5.694243847,119.4765557,banana
21,137,196,23.6119202,91.70293849,5.812781806,123.5900822,apple
0,12,7,20.18432263,90.65458473,6.969249676,116.8130969,orange
70,50,53,37.4620912,90.44967809,6.933809742999999,172.3458448,papaya
56,58,49,37.13165026,94.60761797,6.69215564,172.47880619999995,papaya
14,57,15,29.8757015,83.14796296,6.623438282,40.12044158,mungbean
26,9,32,25.9490364,94.73860514,6.470465614,144.15711090000005,coconut
35,57,83,19.48316794,17.44534641,7.476800943,80.4986291,chickpea
18,17,31,31.74592134,45.16127859,5.667507706,93.75441586,mango
1,8,26,27.5136304,94.18955816,5.562911913,156.6732553,coconut
0,55,22,22.98666928,20.57940608,5.916779289,143.85849380000005,kidneybeans
112,28,54,24.86094646,85.05318563,6.738030547,55.29563514,watermelon
10,75,17,18.43966037,68.05394959,7.732194787999999,39.00992137,lentil
1,59,23,27.46852989,87.17649,7.184398832,43.78420984,mungbean
36,76,75,18.38120357,16.63805158,8.736337905,70.52056697,chickpea
22,30,12,15.78144173,92.51077745,6.354006743999999,119.035002,orange
11,72,22,29.37735586,44.82294584,6.842744374,172.40168,pigeonpeas
107,71,55,29.42017919,83.96754496,6.088064451,117.229079,banana
75,41,35,24.97042599,78.62697699,6.856833064,166.6415254,jute
40,16,35,34.16438906,54.16482251,4.954739564,98.33351125,mango
112,73,48,29.244063800000006,77.32017166,5.7074889870000005,90.66727868,banana
18,125,203,22.44307715,91.59234006,6.160267496,102.5565807,apple
31,62,52,33.7960155,93.00754254,6.99104104,182.026807,papaya
8,72,17,20.57341244,19.7520218,5.711439256,87.87869161,kidneybeans
34,73,15,20.97195263,63.83179889,7.630424082999999,53.10207889,lentil
56,76,16,28.27265858,61.18956161,7.5131510760000015,63.29900785,blackgram
81,30,31,24.65090184,51.93952357,7.027585558999999,135.1386537,coffee
55,67,16,34.37329112,69.69366426,6.596719015,70.27184748,blackgram
34,35,21,28.44524991,82.67639542,6.684381357,58.18713162,mungbean
37,30,34,27.53907547,53.63549533,6.797779227,99.35408185,mango
108,88,55,26.28845991,83.390039,5.891458107,113.8729798,banana
78,42,42,20.13017482,81.60487287,7.628472891,262.7173405,rice
34,16,25,30.07202564,50.96040505,6.10729559,92.09609766,mango
18,66,22,25.87990287,67.55109024,6.347379185,47.89645224,lentil
9,77,17,20.12373284,24.45202552,5.783425416,106.158201,kidneybeans
90,86,52,25.85036988,81.95580471,5.793260262,119.08561709999998,banana
117,26,30,27.92374437,67.96910852,7.079850922,115.2325531,coffee
19,55,20,27.43329405,87.80507732,7.18530147,54.73367631,mungbean
36,57,16,28.61409059,57.14218792,8.292875733999999,57.02891698,mothbeans
80,26,55,24.53442564,88.989272,6.140099215,49.11618732,watermelon
111,29,31,26.05968403,52.31098539,6.136286518,161.3432535,coffee
112,17,28,27.62975458,61.26002598,6.777417989,196.6492664,coffee
39,71,84,20.28155898,16.39535215,8.140825437,82.52339655,chickpea
52,51,53,38.38231475,93.10378595,6.985804083,210.2735346,papaya
91,24,55,26.27061608,83.09194521,6.259086582999999,46.76837499,watermelon
91,94,46,29.36792366,76.24900101,6.149934034,92.82840911,banana
38,68,54,29.33710543,90.81781439,6.739170045,202.0572747,papaya
67,41,40,25.84879500000001,87.81661683,7.333143205,152.6194403,jute
8,33,29,29.98080499,49.48613279,6.442393461,91.82271568,mango
100,35,36,25.31042337,72.01364411,6.346715209,190.5577618,jute
12,67,23,25.62896213,63.14909763,6.585020302999999,45.49683991,lentil
35,55,22,30.88883074,52.62696801,8.634929739,55.51932414,mothbeans
93,94,53,25.86632408,84.42379269,6.079178787999999,114.5357503,banana
69,47,40,25.37122686,76.2403666,6.130136384,183.8270791,jute
111,87,48,26.3985515,81.36028902,5.571401169,98.16752001,banana
35,71,17,29.89286629,66.35375127,6.931924962999999,198.1403003,pigeonpeas
13,57,25,28.30041493,86.20681554,6.86308576,50.47333854,mungbean
29,8,28,26.87037587,91.72546257,6.100429497,214.4128874,coconut
15,45,23,24.20422636,61.43378674,7.224193642,46.0203959,mothbeans
0,70,21,36.30049702,56.03021253,4.672437054,101.6073988,pigeonpeas
27,43,23,31.70447482,56.85420099,5.875333778,44.94317432,mothbeans
119,25,51,26.47330219,80.92254421,6.283818329,53.65742581,watermelon
107,38,29,26.65069302,57.56695719,6.35118177,145.105065,coffee
43,68,81,17.47809436,17.93253975,6.761599706,78.92060234,chickpea
95,38,22,19.84939404,61.24500053,5.730617109,100.7689246,maize
88,35,35,27.55906475,58.45742907,6.784460602,117.9389993,coffee
18,55,23,21.9989826,56.31006755,6.98571967,136.82743119999998,pigeonpeas
98,8,51,26.1793464,86.52258079,6.25933595,49.43050977,watermelon
25,22,25,33.56150184,45.53556603,5.977413802999999,95.70525913,mango
17,56,17,27.94293692,45.41393636,5.9565851,69.66289997,mothbeans
4,6,7,23.01014302,91.11764246,6.708889665,112.6738296,orange
10,79,18,21.0643684,55.46985938,5.624731337999999,184.6226709,pigeonpeas
9,51,19,27.04453473,49.32609633,5.49091063,48.25207759,mothbeans
90,57,24,18.92851916,72.80086137,6.158860284,82.34162918,maize
27,64,15,20.16080524,24.84207559,5.514927264,138.2362122,kidneybeans
14,23,25,26.18552389,96.96637916,5.6121227970000005,135.4186222,coconut
81,41,38,22.67846116,83.72874389,7.5240800760000015,200.9133156,rice
39,69,53,25.9300384,93.02357765,6.964955435,241.8202079,papaya
112,87,48,27.19711623,77.39706290000002,6.200111067999999,99.46950465,banana
82,23,49,26.81383586,87.21986949,6.873283991,51.70497792,watermelon
31,137,196,22.14464104,93.82567435,6.400321212000001,120.6310784,apple
7,79,23,19.6365349,19.68751084,5.821649914,96.65888933,kidneybeans
42,60,47,33.46873719,92.12746225,6.834808347999999,136.8277041,papaya
7,56,23,26.33908791,40.00933429,5.545219232000001,55.50429227,mothbeans
17,59,17,18.416700100000003,23.42829938,5.689858133,132.9801054,kidneybeans
4,44,19,27.95639663,83.52706038,6.921993877999999,43.25726752,mungbean
18,79,20,20.27514686,23.2353604,5.877347515,139.7521543,kidneybeans
13,8,12,25.16296632,92.54736032,7.105904818,114.3117197,orange
111,32,34,25.46743689,69.35161206,6.392048018,171.37644619999998,coffee
40,21,8,34.90665289,92.87820148,7.418761774,102.1906333,orange
78,58,15,25.00933355,67.816568,6.5286312660000005,62.91359494,maize
94,53,40,20.27774362,82.89408619,5.718627177999999,241.9741949,rice
68,40,19,26.14384005,66.20569924,6.655426355,107.2361366,maize
22,55,24,28.56800579,57.30636014,8.66077954,64.53027638,mothbeans
14,37,15,27.96235681,83.97586797,6.581351374,48.9366954,mungbean
65,39,45,23.66805429,70.89000744,6.768001309,184.4633281,jute
32,43,22,31.99928579,54.1077461,5.270749441,71.6266696,mothbeans
6,37,17,28.08657178,80.35005927,6.760694227999999,38.14476781,mungbean
26,10,33,28.27298134,96.93649473,6.07071786,198.8234862,coconut
81,53,42,23.67575393,81.03569343,5.17782304,233.7034975,rice
88,29,51,24.71885473,88.94568335,6.095689937,48.45978627,watermelon
20,60,25,27.3254209,69.09047809,6.726469087999999,61.19250859,blackgram
39,64,52,28.91842453,94.63676767,6.678695788,63.68794608,papaya
92,85,51,29.22118628,81.08183635,5.740764682000001,108.8616474,banana
33,15,7,15.83388699,91.68293851,7.651225301,109.7571416,orange
61,53,43,26.40323239,81.05635517,6.349606327,223.3671883,rice
61,68,50,35.21462816,91.49725058,6.7932454170000005,243.0745066,papaya
50,74,17,27.10053268,63.36085585,6.5408208,73.84949872,blackgram
36,19,32,27.10710832,50.70880979,4.94295037,92.37238878,mango
37,38,32,31.85744939,45.53106268,5.417340525,91.55845821,mango
14,74,15,27.99990346,65.57653373,6.493036868,49.94043064,lentil
24,70,21,19.14729038,45.3733757,5.517208078,132.7748215,pigeonpeas
3,56,17,28.19912143,53.50567601,8.709291687999999,52.13580529,mothbeans
89,53,44,24.88692811,71.91711523,7.319735475,150.2498675,jute
37,62,17,25.68576704,69.84354028,7.121254928,74.62068748,blackgram
88,38,15,25.08239719,65.92195844,6.455116637000001,62.49190812,maize
33,59,19,23.19305333,62.74710773,7.641024177,49.55213308,lentil
77,38,36,21.8652524,80.1923008,5.953933276,224.55501690000003,rice
56,67,78,17.57445618,16.71826572,8.255450758,77.81891424,chickpea
110,7,45,26.63838589,84.69546874,6.189213927000001,48.32428609,watermelon
38,38,18,26.31051759,61.18749126,6.294130312999999,35.73403813,mothbeans
23,75,25,31.07508973,47.19847683,7.077170002000001,91.31256412,pigeonpeas
28,80,17,19.62207826,18.67170854,5.809419584,144.1567454,kidneybeans
32,41,16,28.63618921,61.39451307,7.702287236,68.54877876,mothbeans
88,52,39,23.92887902,88.07112278,6.880204617,154.6608736,jute
35,52,19,27.10606808,89.89593328,6.698574085,37.45680611,mungbean
21,80,20,28.20667264,68.27085245,7.350869792,64.32887142,blackgram
65,54,39,23.75091572,71.14782585,7.124571593,160.0889553,jute
14,22,9,17.24944623,91.13772765,6.543191814,112.50905159999998,orange
75,53,18,20.68899915,59.4375337,6.864793607,103.651438,maize
74,54,38,25.65553461,83.47021081,7.120272972,217.3788583,rice
85,33,25,26.20811417,52.50987966,6.910823945,189.0944824,coffee
61,41,17,25.1420613,65.26185135,6.021902237000001,76.68456006,maize
43,64,47,38.58954491,91.58076549,6.8256647820000005,102.2708231,papaya
112,39,29,26.12492233,63.37479229,6.726528895,147.8035305,coffee
27,69,22,17.91652287,24.90814655,5.932323085,69.14681022,kidneybeans
22,36,16,30.58139475,50.77148138,8.18422855,64.58559639,mothbeans
91,84,52,29.14827211,78.71024836,6.390741836,117.536781,banana
39,29,29,26.50908611,94.48414544,6.143662699,199.8778403,coconut
29,17,29,29.20394909,95.66997327,5.959493188,211.2506267,coconut
21,21,30,27.69819273,51.41593238,5.403908327999999,100.7720705,mango
32,73,81,20.45078582,15.40312102,5.988992796000002,92.68373702,chickpea
6,48,24,28.6362812,84.61431076,6.790736339,48.48319335,mungbean
57,58,77,18.72649425,17.58406365,7.978996755,81.20176515,chickpea
31,20,30,32.17752026,54.01352682,6.207495815,91.88766069,mango
27,80,15,19.07096165,21.21092266,5.7883869510000014,86.21917578,kidneybeans
89,85,55,26.671983500000003,76.48541655,6.275384607,91.73358569,banana
32,66,17,34.9466155,65.26774011,7.162357641,70.1415139,blackgram
20,8,12,25.2990432,94.96419851,7.260416405,117.9733424,orange
76,56,39,24.39459498,89.89106506,6.551130445,197.1220049,jute
25,60,22,21.63149148,21.17919701,5.887263027,134.3649948,kidneybeans
65,37,40,23.35905428,83.59512273,5.333322606,188.413665,rice
87,35,25,21.44526922,63.1621551,6.178056304,65.88951188,maize
98,35,18,23.79746068,74.82913698,6.252797547999999,91.76337172,maize
16,14,30,29.70931288,96.30484325,6.37466756,209.84539930000005,coconut
104,26,30,24.40726724,62.65692638,6.410992833,148.6977358,coffee
95,16,55,25.26931156,87.55055105,6.612847999,40.12650421,watermelon
3,141,197,21.98141856,91.12719303,6.142803397000001,115.4789148,apple
5,23,15,25.66901098,92.04670813,7.408939392000001,112.5424199,orange
70,47,17,24.612911800000006,70.4162444,6.600827017,104.1626147,maize
109,10,53,26.81938687,87.8274604,6.5517503060000015,46.06193778,watermelon
82,35,44,26.96656378,78.21047693,6.239011,169.8391177,jute
67,58,39,25.2827223,80.54372813,5.453592032,220.1156708,rice
78,48,22,23.08974909,63.10459626,5.588650585,70.43473609,maize
104,20,26,27.22783677,52.95261751,7.493191968,175.7260273,coffee
109,21,55,24.9004602,89.73524177,6.770278088,57.44942094,watermelon
74,49,38,23.31410442,71.4509053,7.4880144039999985,164.49703730000004,jute
28,23,28,30.01821337,50.09831810000001,5.676032581,96.08745082,mango
2,131,199,22.47420512,91.22759742,6.017370134,124.2179699,apple
2,140,197,22.69780133,92.82223419,5.53456749,105.0508234,apple
27,74,20,24.69487673,59.96669215,5.8598134160000015,91.95792434,pigeonpeas
30,70,79,20.26942271,19.96978871,7.313122235,69.64449182,chickpea
89,25,34,23.07895447,63.65861483,7.184801627000001,129.8765443,coffee
10,79,20,24.98287462,66.895409,6.379881442,38.21370568,lentil
39,37,15,28.9973145,83.78911515,6.821747052,59.84499208,mungbean
42,59,55,40.10207731,94.35110201,6.979102243,149.1199989,papaya
0,23,15,22.56664172,93.37488907,7.598729065,109.8585753,orange
33,75,21,33.04687968,68.93875631,6.690655045,62.30278274,blackgram
10,24,27,27.57283516,94.90485697,5.7084096010000005,145.9298935,coconut
83,79,55,25.14748006,83.34688193,5.565028635,98.66679427,banana
14,69,19,20.95628486,63.68128841,7.239455147,52.39881209,lentil
113,30,50,26.03967219,83.9862443,6.277484042999999,43.87712348,watermelon
101,87,54,29.07311132,76.50045221,6.376756632999999,100.1692639,banana
1,6,35,27.02269204,95.71935435,6.231662767,147.16824590000004,coconut
118,18,32,27.6496114,51.11044023,6.351823783,122.8392822,coffee
91,21,50,24.33528185,81.44030363,6.762030215,48.32113628,watermelon
39,70,52,26.26559543,90.79668055,6.65149129,59.49373381,papaya
71,54,16,22.61359953,63.69070564,5.7499144210000015,87.75953857,maize
40,62,19,27.32198928,34.13737127,4.697750704,96.51524028,pigeonpeas
5,136,195,22.35628673,91.92360477,6.264202804,107.7697413,apple
93,81,50,27.71822477,76.57853189,6.0360792660000016,102.2099836,banana
91,41,37,24.48556447,83.20630007,6.132570522999999,192.2316221,jute
4,61,21,24.84063998,60.09116626,6.75020529,48.77790371,lentil
93,22,52,26.58740671,81.32563243,6.932739726,41.87540028,watermelon
58,70,84,20.6543203,16.60820843,6.231049027999999,74.6631118,chickpea
90,44,38,23.83509503,83.88387074,7.473134377,241.20135130000003,rice
37,126,196,23.59997268,90.97597665,5.596449493,107.17281909999998,apple
91,75,55,27.48612983,76.11239849,6.212369363,109.2768851,banana
37,71,16,26.28663931,68.51966729,7.324863481,46.13833007,lentil
29,78,25,19.95991719,59.33157782,5.982854522999999,195.787103,pigeonpeas
26,51,25,28.76488954,52.62741529,7.792508067999999,55.21606732,mothbeans
16,65,19,27.61204997,69.29786244,7.043160241,42.72374404,lentil
117,76,47,25.56202173,77.38229006,6.119216009,93.10247183,banana
36,26,26,30.17294105,51.0845903,6.814630246,95.23444287,mango
26,80,83,17.08498521,16.14565756,7.528599957000001,71.31007253,chickpea
28,59,22,30.90607799,52.79913039,7.05181629,170.99198280000005,pigeonpeas
35,57,25,27.0956288,42.26206161,8.340398059,71.12710390000002,mothbeans
101,10,47,25.5421695,83.31883376,6.936997681,57.57343233,watermelon
11,53,24,28.52396666,55.77264351,7.39389918,61.32935611,mothbeans
89,47,38,25.52468965,72.24850829,6.002524871,151.8869972,jute
34,56,17,33.4126864,35.42910045,4.548202098,139.6702541,pigeonpeas
30,137,200,22.91430043,90.70475565,5.603413172000001,118.6044645,apple
108,94,47,27.35911627,84.54625006,6.387431382999999,90.81250457,banana
31,130,198,21.80129837,92.73446667,5.554823557000001,120.05866709999998,apple
37,65,16,22.8352024,18.97267518,5.683548308,63.59276673,kidneybeans
10,44,24,30.99256944,43.02151392,8.0344125,58.27600682,mothbeans
7,77,18,20.5591255,60.54880693,6.655918077999999,191.0895109,pigeonpeas
62,56,35,25.97825807,81.65769588,6.235357637999999,163.3488091,jute
14,67,25,25.28710601,60.85993533,7.241151936,49.37369982,lentil
60,46,22,24.89364635,65.61418761,6.625404347999999,87.9298085,maize
37,77,20,25.93381964,68.70533022,7.080506001,51.02372773,lentil
23,21,26,26.45488737,93.45042636,5.901495543999999,149.2220255,coconut
30,65,25,32.88733849,64.59457409,7.70650895,71.50569456,blackgram
56,59,55,37.03551903,91.79430166,6.551892637999999,188.5181422,papaya
24,80,22,16.71170642,19.17651433,5.635993966,96.77285817,kidneybeans
27,24,29,26.61423461,96.97300803,6.142010637,191.006688,coconut
7,16,9,18.87957654,92.04304496,7.813916602999999,114.6659511,orange
2,120,203,23.12652652,94.71203306,5.893492998999999,108.62118329999998,apple
80,90,47,26.59743595,79.35898915,6.21084479,107.3944717,banana
90,52,25,25.97482359,69.36385721,6.822586546,103.2234212,maize
52,73,79,17.25769499,18.74943955,7.840339388999999,94.00287214,chickpea
20,45,22,29.5888162,89.9939693,6.904587016,54.96121262,mungbean
90,86,55,27.96236771,84.15403614,5.644486582000001,97.55986676,banana
66,47,36,24.85441411,74.44070479999998,6.57256106,175.572958,jute
18,19,27,27.75518664,52.34605806,4.772385986000001,94.11213345,mango
33,47,17,24.86803974,48.27531965,8.621514073,63.9187654,mothbeans
32,11,31,29.51611558,92.56492864,6.461225827000001,131.2116167,coconut
105,18,35,23.52648086,68.44030686,6.743417121,171.8839938,coffee
33,75,84,19.46210401,18.72831993,7.217018459,68.81405149,chickpea
28,46,16,29.008124,84.96089355,6.664187809,45.91011391,mungbean
19,38,26,31.48451729,48.77926304,4.525722333,93.17221967,mango
85,27,45,26.0713757,88.7285657,6.467095849,57.79652846,watermelon
17,11,32,28.74013335,93.39676499,5.620733794,156.76508230000005,coconut
101,13,54,25.42900869,82.91481799,6.828982708,56.34144589,watermelon
86,26,27,27.13140403,52.89368299,6.081172981,192.4280381,coffee
45,57,47,23.16855863,90.78821158,6.656458831,161.68920930000004,papaya
14,59,22,23.82723528,67.89815262,6.76660668,46.90725077,lentil
36,58,25,28.66024187,59.3189118,8.399135957999999,36.92629678,mothbeans
34,65,47,23.48546973,93.71043692,6.833768535,191.7760562,papaya
36,65,16,25.71269843,64.1123333,7.692013657,50.17067771,lentil
68,57,43,26.08867875,80.37979919,5.706943251,182.9043504,rice
89,41,38,23.12844351,74.68322732,6.344751947000001,199.83629130000003,jute
19,122,202,23.34467359,90.37981478,5.811975094,112.8954016,apple
48,61,21,30.28496619,61.69295127,6.628264883,65.62859526,blackgram
12,27,26,29.09382275,45.5661059,5.32307197,96.23520043,mango
34,60,22,17.66148158,18.15302753,5.635231778,100.6711761,kidneybeans
27,80,24,28.42062847,61.77336343,7.815210661,49.02366803,lentil
60,58,37,26.13871511,79.1188943,6.067302109,171.4892533,jute
44,60,55,34.2804607,90.55561637,6.825371185,98.54047745,papaya
2,40,27,29.73770045,47.54885174,5.954626604,90.09586854,mango
87,28,30,25.60153969,68.66257977,6.536676653,168.8383605,coffee
26,24,34,31.27180992,52.23810152,6.811291098,89.74409017,mango
74,35,40,26.49109635,80.15836264,6.980400905,242.8640342,rice
19,7,9,27.255435,91.71369387,6.969883482999999,101.139435,orange
67,35,22,23.30546753,63.24648023,6.385684213999999,108.7603001,maize
97,50,41,24.52922681,80.54498576,7.070959995,260.2634026,rice
49,61,45,32.76795887,94.57377401,6.764213299,240.4795923,papaya
5,65,19,18.28072173,68.10365387,6.978361689,48.80253285,lentil
21,44,18,27.06909959,86.89934108,7.12851089,50.46746116,mungbean
19,30,30,29.56549169,91.40896307,5.826381164,224.83157290000003,coconut
94,37,41,24.7634518,87.06071115,6.4635387070000005,179.1630865,jute
33,14,8,21.03200078,92.9641969,7.684420446,110.6823944,orange
20,79,77,18.54988627,16.02542689,7.64867466,76.32565249,chickpea
102,71,48,28.65456263,79.28693687,5.695267822000001,102.4633775,banana
53,74,15,29.43463808,64.94329356,7.517097,72.17818157,blackgram
84,39,35,23.17714381,52.13864034,6.959404135,117.3113562,coffee
97,29,27,27.74576987,54.36976075,7.205078785,139.8619431,coffee
7,40,17,31.2123945,40.92604945,8.532078732999999,53.78769958,mothbeans
91,25,26,24.53460016,66.99765375,7.482414225,180.5059257,coffee
91,35,39,23.79391957,80.41817957,6.970859754,206.2611855,rice
100,32,26,25.234661,57.53161469,6.043485685,124.2261737,coffee
36,66,15,30.08545364,69.34811988,6.668238556,67.1367443,blackgram
79,51,16,25.33797709,68.49835977,6.586244581,96.46380213,maize
38,15,30,28.91862016,48.13974548,5.075504537,97.01331604,mango
12,39,21,28.99319096,62.85948245,8.183844843,70.4713043,mothbeans
24,142,202,22.53779727,91.48135786,5.710819862,101.8474768,apple
90,14,52,24.84740848,89.20454622,6.391858432,59.67927244,watermelon
75,49,15,21.53574127,71.50905983,5.918263801,102.4852929,maize
22,67,22,29.03017561,64.49166566,7.475926645,54.93937710000001,lentil
22,42,22,25.54249137,56.96640758,7.887658711,48.46797044,mothbeans
24,53,17,28.95451232,89.07866095,6.421271178,57.65901369,mungbean
81,40,45,25.7629429,80.76238215,6.427726565,174.5071843,jute
59,69,80,19.07937684,17.86754927,8.165359297,69.40619137,chickpea
44,63,15,26.42333018,64.51136845,7.338929556,63.46546487,blackgram
7,73,25,27.52185591,63.13215259,7.28805662,45.20841071,lentil
73,57,41,21.44653958,84.94375962,5.824709117,272.2017204,rice
63,44,41,24.17298839,83.7287574,5.583370042,257.0343554,rice
108,72,46,25.16278237,84.97849241,6.110844721,90.94554618,banana
69,55,38,22.70883798,82.63941394,5.70080568,271.3248604,rice
57,60,84,19.1034283,17.26184541,6.586777189,75.49101167,chickpea
104,35,28,27.51006055,50.66687215,6.983732393,143.9955548,coffee
93,56,36,24.01497622,82.05687182,6.98435366,185.2773389,rice
80,77,49,26.05433004,79.39654531,5.519088423,113.2297373,banana
119,30,28,26.35770906,64.57578034,6.5052036960000015,163.62694960000005,coffee
28,68,19,34.63880966,61.38597868,7.69950698,72.43169115,blackgram
117,32,34,26.2724184,52.12739421,6.758792552,127.1752928,coffee
74,55,19,18.05033737,62.89366992,6.28886807,84.23613484,maize
61,41,35,24.97178693,79.47557931,6.842966478999998,195.7571622,jute
34,66,19,32.97030511,60.18122078,7.586642101,73.44678678,blackgram
8,7,10,28.2620488,91.98317355,6.929216014,105.2132259,orange
55,77,22,31.4345059,62.99303471,7.76061831,64.77651469,blackgram
36,65,80,18.2872007,16.67921616,6.051091339,74.87445574,chickpea
16,143,197,22.61711614,93.51978375,5.90402645,116.9256766,apple
26,35,31,33.44619894,53.05980465,5.339556562,98.05089394,mango
57,56,78,17.34150229,18.75626255,8.861479668,67.9545435,chickpea
78,50,43,25.12417673,85.72530641,6.348441469,159.5718087,jute
68,69,52,25.65492304,92.74501561,6.813383387000001,52.95477913,papaya
22,64,82,19.48974337,17.17260319,6.4740245000000005,87.51312796,chickpea
17,16,14,16.39624284,92.18151927,6.625538653,102.944161,orange
27,60,17,26.41768321,63.64698302,7.026795358999999,64.42177127,blackgram
46,76,77,18.2356751,19.68538502,6.967843048,83.74879344,chickpea
37,137,199,22.63946441,90.18451645,5.697945522,108.3405879,apple
9,35,20,27.41503453,80.98004661,6.91380932,40.53173216,mungbean
1,48,24,29.34594634,85.60472562,6.232836962,59.03629954,mungbean
97,74,45,26.47522633,78.51833782,5.677719902000001,113.1161095,banana
9,10,10,22.3551049,93.52211892,6.010391864,101.5164589,orange
81,45,23,19.32666088,68.03449300000001,6.192360002999999,84.22969177,maize
34,6,27,25.84726298,90.92669463,5.8607404810000014,147.8888994,coconut
58,75,25,25.25596239,61.36669662,7.261791753,68.64685069,blackgram
69,66,49,40.00439101,90.17015833,6.52711001,92.11877372,papaya
8,26,26,25.54759871,91.64194826,5.702484758,212.867626,coconut
10,9,28,29.01256899,94.01014388,6.282955072999999,150.05003119999995,coconut
2,78,23,21.31852148,66.43934593,7.320514721,45.42616802,lentil
2,79,15,21.53577883,65.47227704,7.505283615,35.75107592,lentil
42,58,25,27.45853567,62.90020977,6.513620917999999,69.46020927,blackgram
91,7,52,25.07803672,83.46230461,6.405054243,56.39962921,watermelon
27,63,19,20.93409877,21.1893007,5.562201934,133.1914419,kidneybeans
37,66,85,20.93175255,18.91295403,6.456148474,78.06910795,chickpea
28,123,198,23.46260321,91.45665004,5.682751473,111.7763395,apple
62,42,36,22.78133816,82.06719137,6.430010215,248.7183228,rice
58,79,17,27.24766491,66.10123083,7.04174124,62.31842057,blackgram
61,38,20,18.47891261,62.69503871,5.970458434,65.43835393,maize
92,81,52,28.0106804,76.52808057,5.891413895,103.7040783,banana
62,49,37,24.21744605,82.85284045,7.479248124,166.13658859999995,jute
31,25,12,18.05142392,90.03969587,7.016482298,111.7793889,orange
33,12,15,30.25578031,92.03272799,6.052318465,116.7173125,orange
0,133,200,23.67287749,90.4935574,5.708418722,104.2298028,apple
17,52,17,27.88352946,86.45147631,6.364967184,44.64407105,mungbean
67,60,25,24.92162194,66.78627406,5.750254943,109.2162279,maize
83,60,36,25.59704938,80.14509262,6.903985986,200.834898,rice
18,58,16,21.47607807,38.80023714,4.962661422,180.382234,pigeonpeas
72,45,35,25.42977518,82.94682591,5.758506323,195.3574542,rice
80,43,43,23.78756036,74.36794079,6.014572075,172.64426540000005,jute
35,142,203,21.17089176,90.23730166,5.895319002000001,123.6495149,apple
63,43,17,19.28889933,65.47050802,6.807487794,71.3195307,maize
99,57,35,26.75754171,81.17734011,5.960370061,272.29990560000005,rice
119,9,50,26.74550678,83.9195902,6.251286661,40.794305,watermelon
18,12,35,26.13958446,96.38580769,6.338720873,131.3387935,coconut
17,73,18,19.50112224,34.51086611,5.632353113,197.3752649,pigeonpeas
26,54,17,28.5474135,88.9570454,6.27258822,49.4897245,mungbean
69,51,23,22.21738222,72.85462807,6.80163854,106.6213157,maize
13,16,8,34.74004942,93.12316972,6.949838549,100.1967854,orange
38,135,203,23.76121837,93.661643,5.9655513110000005,100.825956,apple
34,45,21,28.18837136,82.60629652,6.2873801170000005,37.01110438,mungbean
40,16,35,31.89356292,49.02450149,6.4841522000000005,89.59371481,mango
95,55,42,26.79533926,82.1480873,5.950660556,193.3473987,rice
87,44,43,23.87484465,86.79261344,6.718725189,177.5147313,jute
104,80,54,27.09062164,81.33506906,5.879119455,110.1331182,banana
108,89,53,29.12036889,80.18080728,5.908770059,112.3982055,banana
25,57,19,17.15432954,19.87070659,5.566522896,87.99669731,kidneybeans
99,15,27,27.41711238,56.63636248,6.086922359,127.92461000000002,coffee
116,28,34,23.44372334,60.39523266,6.42321105,122.2103248,coffee
77,48,36,25.86705009,84.09985284,7.36008498,154.83908469999997,jute
74,46,45,25.75734909,88.36668522,6.025028997000001,189.4263485,jute
14,67,15,19.56376468,24.67385131,5.690065688,139.2921004,kidneybeans
84,36,28,26.7350622,55.55164819,6.119892347,140.63052130000003,coffee
25,132,198,22.31944084,90.85174383,5.732757516,100.1173443,apple
28,74,81,18.01272266,18.30968112,8.753795334,81.98568791,chickpea
76,44,45,25.4879684,84.48235878,6.740947635,168.7848886,jute
34,54,24,31.2119298,41.55934359,5.026003659,68.80141783,mothbeans
24,37,21,30.573999,58.22686794,5.818219385,62.74803826,mothbeans
2,30,30,26.00175125,94.79998418,6.331051715,209.540094,coconut
19,57,23,23.6734328,47.2879691,7.342409555,141.12507219999995,pigeonpeas
35,48,15,27.10818093,87.45126690000002,6.981758362000001,55.03723979,mungbean
81,18,50,26.80750629,88.22874955,6.429788072999999,58.79889057,watermelon
11,74,17,21.36383757,69.92375891,6.633864582,46.6352865,lentil
26,18,30,32.06097197,51.08494181,6.336234623999999,96.59816497,mango
26,37,30,35.39986338,49.45962621,6.166173833999999,97.41054011,mango
53,73,77,19.71359733,18.09665739,7.325451279,73.64476535,chickpea
67,45,38,22.72791041,82.17068809999998,7.300410836,260.8875056,rice
91,50,40,20.82477109,84.1341879,6.462391607000001,230.22422230000004,rice
23,23,27,34.72413192,51.4271781,5.161148592,97.31258083,mango
37,57,20,31.1006247,44.82069159,7.354286985,70.79934452,mothbeans
71,52,18,25.10787449,55.97732754,5.790770202999999,78.16077693,maize
40,72,77,17.02498456,16.98861173,7.485996067,88.55123143,chickpea
16,18,26,28.43647052,91.81320717,5.568365926,145.54144130000003,coconut
29,57,20,25.60973447,50.7330069,5.87707519,53.39249517,mothbeans
16,80,20,31.24021696,56.67369054,7.3393209289999986,122.0146733,pigeonpeas
20,41,20,29.27308605,89.4875022,7.073048264,50.9246554,mungbean
86,40,39,25.72100868,88.16513579,6.207459637,175.60866969999995,jute
0,65,15,23.46168338,23.22197648,5.645435626,95.84253438,kidneybeans
119,90,48,28.66725136,79.59242542,5.986442306,118.2583441,banana
49,72,15,31.55846339,67.83563765,7.137004749,74.86960831,blackgram
38,15,27,33.7462686,48.50387598,6.777788126,92.26439205,mango
14,18,30,29.80747243,52.13797867,5.191265116,95.74606104,mango
10,55,23,21.18853178,19.63438599,5.728233081,137.1948633,kidneybeans
86,76,54,29.3159075,80.11585705,5.926824754,90.10978128,banana
52,71,16,27.74274761,68.53997144,7.0758864720000005,71.78615328,blackgram
33,59,22,22.64236876,21.59396123,5.946999529,122.3886015,kidneybeans
2,75,22,23.89271875,61.78779413,6.658605362,52.55730112,lentil
5,74,21,16.24469193,21.35793891,5.591704013999999,66.97053257,kidneybeans
85,95,47,25.94019018,78.3422098,6.211833161,119.84797,banana
5,32,33,32.32362177,52.58967710000001,5.842763773,93.36718816,mango
82,78,46,25.05802193,84.97323747,5.738678895,110.4408803,banana
90,59,35,24.25133493,89.86454053,7.098227926,175.1742112,jute
114,21,55,25.4438391,87.93923120000002,6.472756256,57.51549686,watermelon
88,55,45,24.63544858,80.41363018,7.730367824,253.7202781,rice
61,52,41,24.97669518,83.891805,6.880431223,204.8001847,rice
11,27,30,27.69637763,48.56224879999999,6.39474303,89.85646496,mango
18,20,26,31.66524687,51.98594645,5.435840509,89.98024312,mango
11,36,33,35.99009679,52.22780489,5.978634285,95.3713484,mango
94,91,51,29.16093424,76.67484233,5.6180944460000015,109.575944,banana
36,140,198,23.34386401,91.47684705,6.28188384,104.4267991,apple
22,71,17,18.15300153,19.38602098,5.509295379,107.6907964,kidneybeans
90,49,21,24.84016732,68.3584573,6.4725232870000005,74.05474936,maize
10,140,197,22.16939473,90.27185592,6.229498836,124.4683112,apple
33,138,198,22.29423493,90.69033986,6.222390797999999,122.7418744,apple
90,48,45,24.06475727,71.31342851,6.509174788999999,153.63902119999997,jute
22,78,76,17.84851658,19.09172907,8.621662982,76.32470713,chickpea
0,65,24,28.49584395,62.44616219,7.841496029,53.14531023,lentil
36,67,25,35.95176642,36.52780776,6.418062652000001,136.0456753,pigeonpeas
1,30,29,28.33333307,51.39586505,6.4341977560000005,91.67241761,mango
6,7,7,27.68167318,94.47316879,7.199106204,113.9995146,orange
88,78,45,29.10403455,79.19588629,6.324270089,92.07835761,banana
11,71,17,19.9191786,21.47324158,5.74644777,82.68554379,kidneybeans
42,67,77,18.99424448,15.9362937,7.114405288,78.69707199,chickpea
27,61,15,25.2653291,67.10004577,6.958054839,48.33941188,lentil
9,80,19,21.80619564,18.57086554,5.945465949,125.0972687,kidneybeans
4,43,18,29.02955344,61.09387478,8.840656256,72.98016599,mothbeans
118,15,45,24.21495706,84.20576992,6.538006356,48.01138482,watermelon
31,48,17,28.88078945,86.94206817,6.594739424,53.79732545,mungbean
29,77,75,17.50361137,15.48083156,7.778591617999999,72.9446671,chickpea
22,70,19,18.23775702,21.07643273,5.515615023,69.44951585,kidneybeans
28,35,22,29.53037621,86.73346018,7.156563094,59.87232071,mungbean
90,46,42,23.97898217,81.45061596,7.50283396,250.0832336,rice
22,37,20,27.62749466,86.49366929,6.605733067999999,39.26137642,mungbean
14,59,15,21.35135729,22.91244883,5.779090476,146.4548645,kidneybeans
2,21,35,25.02887163,91.53720922,6.293662362999999,179.8248944,coconut
68,41,16,21.77689322,57.80840636,6.158830619,102.0861694,maize
69,57,35,24.30748599,78.54340987,6.1868143920000005,186.2337571,jute
15,54,15,29.97604322,57.03184356,8.35495812,44.86052932,mothbeans
15,133,199,23.99686172,91.61001707,5.8247786360000005,117.6102915,apple
30,122,197,21.37784654,92.72043743,5.573241391,106.1417017,apple
99,6,45,26.12588914,86.5507939,6.000975617000001,40.71210074,watermelon
22,16,27,29.1797902,90.27214288,6.006784979,188.9252083,coconut
89,60,19,25.19192419,66.69029010000001,5.913664501,78.06639649,maize
36,11,13,17.34083741,93.04897191,7.1917274,112.7194284,orange
19,53,22,27.8640132,80.4513142,6.852884642999999,42.83053902,mungbean
70,44,19,23.31689124,73.4541537,5.852607099,94.29712821,maize
21,63,17,15.77370214,19.2303162,5.979973965,108.3441414,kidneybeans
0,19,33,27.1326009,95.23797989,6.234458417000001,204.7206567,coconut
57,57,75,17.09104223,18.25142068,7.785039076,87.27444866,chickpea
86,40,33,26.1387869,52.26311691,7.432322234,136.3027766,coffee
79,59,17,20.37999665,63.73849998,6.644205485,108.5054416,maize
90,50,44,26.91643698,73.48655995,6.253408852000001,171.4716375,jute
94,50,37,25.66585205,80.66385045,6.94801983,209.5869708,rice
29,128,198,22.44075021,92.70785115,5.685062404,121.4977331,apple
31,29,35,27.1872282,92.19906776,6.137102505,141.3220576,coconut
40,136,202,22.85267372,94.57645809999998,5.935336307999999,117.53140259999998,apple
87,48,38,23.81579631,80.94023552,7.161865733,190.312216,jute
23,6,33,29.18032562,92.73041222,6.025789594,204.9603677,coconut
30,75,25,30.33276599,42.35249879,6.446091759,149.299952,pigeonpeas
6,66,15,34.93174223,30.40046769,6.3458060110000005,159.2649827,pigeonpeas
117,27,48,26.53259325,82.39053979,6.835268183999999,54.30660782,watermelon
33,12,8,25.26052689,90.31153735,6.822282114,117.36952959999998,orange
84,37,42,25.49674786,81.13449097,6.691074249,169.92882340000003,jute
5,65,16,21.32776028,18.48522915,5.866744372,109.1013261,kidneybeans
67,51,24,23.50297882,61.32026065,5.584171461,64.77791424,maize
54,65,47,27.92765919,91.55594211,6.721835879,149.91075569999995,papaya
60,36,43,23.43121862,83.06310136,5.286203711000001,219.9048349,rice
22,72,85,18.86805647,15.65809214,6.391173589,88.51048983,chickpea
70,36,42,21.84106875,80.72886384,6.9462098810000015,202.3838319,rice
64,35,23,23.02038334,61.89472002,5.680361037999999,63.03843397,maize
6,72,15,22.99451999,66.70897237,7.670178119,54.49044154,lentil
0,19,31,25.51791333,94.38420565,6.271952832999999,178.7297725,coconut
111,88,55,29.44795403,78.34971537,5.505393832999999,96.45042585,banana
26,32,32,30.91471455,49.92963856,6.810186079,90.14047759,mango
109,91,53,29.66727337,83.51014178,6.010095852999999,110.2511102,banana
22,44,24,24.30935081,56.32938343,6.030447288,58.99536268,mothbeans
98,29,30,25.64004392,61.03273481,6.217974349,199.4735636,coffee
43,50,48,28.28222883,91.37059792,6.63016515,179.27208069999998,papaya
9,77,17,21.65845777,63.58337146,6.280725549,38.07659414,lentil
20,62,18,29.36358721,64.98742947,7.366542647,61.91208707,blackgram
105,88,54,25.78749808,84.51194224,6.020445317,114.2005455,banana
40,17,15,21.35093384,90.9492967,7.871063004,107.0862095,orange
24,61,17,22.6371424,65.44544859,6.233269045,38.30411077,lentil
43,79,79,19.40751744,18.98030507,7.8067476560000015,80.25064637,chickpea
88,21,27,24.43011925,66.02411187,7.231166546,181.6368274,coffee
27,8,32,27.00648436,96.46168931,5.627860548999998,144.3331315,coconut
60,38,17,18.41932981,64.23580251,6.474476516,76.41312437,maize
56,79,15,29.48439992,63.19915325,7.454532137,71.89090748,blackgram
81,16,45,26.90435747,86.25426228,6.727468157000001,59.75980023,watermelon
99,56,17,24.10859207,73.13112261,6.234330356,71.07562236,maize
100,48,16,25.71895816,67.22190688,5.54990242,74.51490791,maize
39,52,53,32.51247398,94.65904123,6.704204398,51.07048113,papaya
52,63,19,29.58949031,68.32176769,6.928898659,67.53021213,blackgram
39,73,24,25.65842532,61.18235808,7.22405917,69.28607828,blackgram
6,59,21,26.58972517,66.14007674,6.139215944,50.90994463,lentil
34,60,25,29.78416743,85.16906976,6.79385576,40.77872823,mungbean
100,76,45,25.56703012,75.94067692,5.590236025,102.7867717,banana
69,64,47,40.21199348,94.50766912,6.993473247000001,186.6762324,papaya
85,37,39,24.52783742,82.73685569,6.364134967999999,224.67572310000003,rice
73,45,37,23.70467146,74.63745355,6.742688094,181.2783964,jute
24,6,32,28.11321494,90.01734526,6.387067562,172.48136409999995,coconut
26,121,201,22.19109412,90.02575116,6.162034371,112.3126628,apple
70,38,35,24.39736241,79.26861738,7.014063944,164.2697011,jute
49,69,82,18.31561493,15.36143547,7.26311855,81.78710463,chickpea
97,12,47,25.28784623,89.63667876,6.765094963999998,58.28697664,watermelon
39,57,19,29.32379604,45.93248374,6.421748487,165.4113371,pigeonpeas
16,8,9,24.60297538,91.28408653,7.601189842999999,111.2948115,orange
39,7,29,27.54273211,94.59086121,6.362544111,150.2012138,coconut
0,74,17,23.33375853,64.50515776,7.240988401,47.01510708,lentil
38,36,21,28.02952623,84.8845732,6.5563729660000005,36.12042927,mungbean
116,23,25,23.4123707,52.26994674,6.869720196,139.3670753,coffee
72,41,36,24.09874353,80.57226761,6.187746776,176.8604109,jute
104,23,47,26.98212846,86.70068316,6.770434148,42.91292205,watermelon
39,60,21,34.89814946,63.59948557,6.97297656,64.72797143,blackgram
55,60,15,32.79766751,68.77994074,7.163043872,64.11411069,blackgram
68,62,50,33.20258348,92.76437927,6.977700268,197.5282582,papaya
13,121,196,22.20700989,93.50574163,6.443382913,120.1593771,apple
70,42,43,23.16814977,76.66724969,6.508342839,157.1215052,jute
99,41,36,24.45802087,82.74835604,6.738652179,182.5616319,rice
59,63,18,31.65531175,60.13263713,6.52669158,66.69096751,blackgram
31,60,24,25.40474421,65.8567539,7.722335992,51.92057267,lentil
37,56,25,22.05592283,19.60379304,5.774755143999999,126.7265372,kidneybeans
70,68,45,33.83508569,92.85470152,6.991626158,203.4044028,papaya
108,24,31,24.12832546,56.18107663,6.431899747999999,147.27578180000003,coffee
27,120,200,21.45278675,90.74531921,6.1102188260000005,116.7036582,apple
33,47,46,29.20300896,93.96834049,6.839443833,209.4083305,papaya
5,55,18,33.50876355,45.70976142,7.322097972000001,126.6738117,pigeonpeas
57,57,51,39.01793345,91.48815629,6.99223441,105.8841531,papaya
34,59,18,23.38002569,21.98879437,5.744117663,87.66898664,kidneybeans
73,58,21,19.97215954,57.68272924,6.596060648,60.65171481,maize
14,55,15,27.33580911,55.27755933,8.050304395,73.44775287,mothbeans
30,143,199,23.76881552,90.59810302,5.7983508000000015,102.2648546,apple
59,55,79,20.36720401,16.89574311,8.766128654,82.2545577,chickpea
34,15,34,27.05826457,91.10510371,5.677282677999999,224.70069530000004,coconut
26,67,24,36.97794384,37.73992903,5.642813116,161.48129630000005,pigeonpeas
18,23,8,21.49118657,93.43949693,6.41354791,101.4819888,orange
1,15,9,29.98364695,94.55239717,7.53350946,115.3560318,orange
2,67,18,34.51934775,47.52980027,5.921666758,129.0064612,pigeonpeas
58,61,15,30.94908189,64.23364112,7.402891666,62.78730907,blackgram
99,15,27,27.0424167,57.27927475,6.501157208,165.6872119,coffee
2,36,31,30.90225239,49.95955487,5.73171945,91.77522598,mango
3,18,31,31.65333432,48.20662669,6.392313972999999,91.09745581,mango
21,17,15,23.98289638,91.5473145,7.455991072000001,118.4901697,orange
20,139,202,23.50201428,92.21083961,5.66999105,107.9868949,apple
25,65,21,33.86351172,68.59232289,6.880245789,69.24464096,blackgram
117,34,25,24.83846178,56.7685316,7.21270048,124.4135035,coffee
31,6,26,29.12859129,91.30924833,5.741367375,157.2388553,coconut
23,35,18,26.4908332,47.36534833,5.414492777,36.99362831,mothbeans
97,22,50,26.26028739,86.14585891,6.769893799999998,58.97878791,watermelon
25,78,76,17.48042641,15.7559405,7.228963452,66.96980581,chickpea
40,68,17,34.1262979,65.14877461,7.733149554,70.40795007,blackgram
26,52,23,29.98835437,49.60384796,4.931890506,52.92929636,mothbeans
44,59,78,20.67526473,19.85388984,7.599033472,84.78344008,chickpea
118,21,34,24.38534644,64.72543073,7.234258375,119.6324109,coffee
24,27,9,18.86883219,93.24688124,6.157135092000001,119.3936976,orange
33,57,17,27.89636126,88.71782287,6.78415271,57.79863368,mungbean
6,13,9,34.51423957,90.56151463,7.786725333,118.32719679999998,orange
40,51,17,28.66086349,86.12194568,6.860602782000001,50.01534317,mungbean
36,61,21,34.53823889,39.04468913,5.617008201,168.5948318,pigeonpeas
74,58,18,20.03728219,56.35606753,6.727303282,109.024141,maize
85,22,53,25.96534238,89.77076659,6.849471704,59.46338556,watermelon
32,141,203,21.25941052,92.84416234,5.821347769,109.06584709999998,apple
74,39,38,23.24113501,84.59201843,7.782051312999999,233.0453455,rice
55,66,22,30.91219459,68.79427388,7.747775262999999,66.63830637,blackgram
0,18,14,29.77149434,92.00719952,7.207991261,114.41617859999998,orange
23,62,85,18.97424756,19.5161216,8.490127142,80.7108745,chickpea
28,130,196,22.13450646,94.67695747,6.062356467000001,112.9203223,apple
63,58,22,18.25405352,55.28220433,6.204747652999999,63.72358154,maize
28,123,202,22.76643029,92.12438519,6.442289294,120.4359949,apple
86,15,47,24.04355803,84.18406764,6.423898762,53.78929956,watermelon
16,55,19,19.54314136,47.19188279,6.413543781,192.4372194,pigeonpeas
86,37,16,20.51716779,59.21235483,5.561510732,67.61013737,maize
24,42,23,28.22471276,82.35916228,6.428054409,44.01206619,mungbean
39,78,15,21.35499456,62.60136323,5.925391795,41.78219834,lentil
98,18,27,27.56088634,68.49299897,6.516312148,167.43580749999995,coffee
88,46,42,22.68319059,83.46358271,6.604993475,194.2651719,rice
9,60,23,31.96987867,57.17377029,6.2760043360000015,64.25520357,mothbeans
22,11,29,28.03380598,95.01630593,5.955742971,218.0055713,coconut
27,138,201,23.66682067,93.90191078,5.952367662,105.4004751,apple
58,67,45,38.72382798,91.72514851,6.702424548,62.62377075,papaya
28,79,16,24.70626432,60.26854183,6.0521848810000005,53.12442925,lentil
86,6,53,25.92030221,83.47202566,6.921847887999999,42.10681516,watermelon
100,56,40,26.38905406,83.31240346,7.433313409,176.1516409,jute
28,10,30,29.8690834,91.14723422,6.305740522000001,192.7678575,coconut
9,137,200,21.12152071,90.6878768,5.636687393,102.8017203,apple
95,12,51,25.76484262,84.17269959999999,6.681606702000001,44.22066914,watermelon
76,54,45,24.29496635,77.62976013,6.176618831,184.9800516,jute
19,72,15,28.83600962,69.76112921,6.890760124,44.08562546,lentil
92,20,55,25.10474753,87.52676159999999,6.5877912620000005,59.26519444,watermelon
31,56,23,31.46846241,35.39454002,5.661826398,174.5723999,pigeonpeas
37,23,12,31.52675982,90.50621806,6.395258356,113.1169398,orange
59,70,84,17.3348681,18.74926979,7.550808267000001,82.61734721,chickpea
26,73,21,31.33170829,57.97429171,4.946263888,161.7820226,pigeonpeas
5,68,20,18.72987676,61.33186249,5.001038726,139.8710041,pigeonpeas
81,49,20,18.04185513,60.61494304,5.513697923,104.2321615,maize
119,7,55,26.03867719,84.6378378,6.031424482,44.3993381,watermelon
40,64,47,32.50037548,93.47888842,6.893509446,71.73759526,papaya
9,38,25,34.58561471,50.34035336,5.497946899,100.3060719,mango
106,14,45,24.47018505,84.16390229,6.417011754,57.26773002,watermelon
28,58,81,17.47500984,16.54314829,6.18042747,93.35034262,chickpea
29,45,16,28.43683487,87.91332682,6.583381939,43.12063289,mungbean
48,62,15,25.36586097,66.6379724,7.538631462000001,65.81655892,blackgram
85,25,47,26.11440416,87.64081095,6.29542477,58.48160844,watermelon
32,56,21,27.38538997,88.66663953,6.702772465,58.29933073,mungbean
44,56,49,39.23342464,91.25589286,6.519779582999999,64.4478499,papaya
34,80,19,31.49338309,63.0563645,6.521217963,71.48327008,blackgram
20,29,27,25.09897688,92.36099489,6.047044342,157.7592626,coconut
25,40,21,27.73329078,81.13903037,6.248900919,44.17580911,mungbean
114,79,51,26.21009246,82.34429458,6.313197204,112.0700033,banana
23,65,20,23.0429097,22.42610972,5.833940084,108.3684316,kidneybeans
27,65,18,20.10993761,23.22323766,5.59503163,73.36386477,kidneybeans
18,14,11,28.04799508,90.00621688,6.550814117000001,117.1311498,orange
12,37,30,31.09779147,47.41196659,4.546466109,90.28624348,mango
36,59,46,34.28879307,93.61082872,6.721130542999999,127.2509777,papaya
20,72,19,32.47648301,64.34848735,7.397190844,65.82045699999999,blackgram
33,121,203,22.45696744,94.76285385,5.6059340870000005,114.8407725,apple
58,73,16,33.36984395,65.67718163,6.874142175,64.89517488,blackgram
27,59,22,21.81167649,23.20591245,5.794158503999999,130.0608093,kidneybeans
103,16,49,24.06731461,81.64075303,6.915717008,51.75212401,watermelon
31,76,82,20.8248451,17.85057083,7.599279991,79.20509212,chickpea
19,35,24,27.11030369,83.64274107,6.883308033,49.11964582,mungbean
3,72,24,36.51268371,57.92887167,6.03160778,122.6539694,pigeonpeas
9,11,8,24.85903405,94.39000473,6.559236744,111.78037340000002,orange
17,136,196,23.87192332,90.49939035,5.882155987999999,103.0548094,apple
67,68,49,35.26824831,92.38282957,6.821774589,149.8488208,papaya
1,124,199,23.71059131,93.27392415,5.658473817000001,112.66765890000002,apple
6,64,23,23.33565221,67.40460704,7.065264073,36.18678721,lentil
2,39,15,28.07219563,82.9116472,6.478557136,49.61865305,mungbean
32,11,31,25.06871967,93.31410447,6.205931637999999,134.84190690000003,coconut
103,40,30,27.30901814,55.196224,6.3483162570000005,141.48316440000005,coffee
90,42,43,20.87974371,82.00274423,6.502985292000001,202.9355362,rice
33,29,34,31.40948821,49.21729127,6.832979508999999,92.99739415,mango
11,40,23,29.61253065,63.04749127,5.80428611,50.1978269,mothbeans
10,59,22,28.60901145,86.99495766,7.1556850160000005,36.94616965,mungbean
95,14,50,26.6333118,84.31756844,6.560443519,56.31866159,watermelon
31,30,29,26.58580443,90.98617591,5.558807063,178.8116076,coconut
23,58,19,24.17093241,58.25204566,5.243634848999999,59.18953429,mothbeans
93,26,27,24.59245684,56.46829641,7.288211994,137.70440469999997,coffee
23,59,19,21.98560799,24.87304788,5.852046999,129.5650601,kidneybeans
30,64,20,33.8642935,61.57072498,6.573531614,68.02199825,blackgram
49,55,51,24.87212063,93.90560147,6.676578778,135.16945249999998,papaya
2,51,17,25.87682261,45.96341933,5.838508699,38.53254678,mothbeans
91,35,38,24.8972823,80.52586088,6.13428721,183.6793207,rice
12,31,26,35.7877738,51.94190321,5.395275719,100.2160615,mango
92,7,45,26.70607759,81.14149505,6.944640222,51.51033554,watermelon
99,39,18,19.20129357,68.30578978,6.11275104,87.85092352,maize
59,55,19,31.74379487,62.51007687,7.332375138,68.97097538,blackgram
25,76,17,31.74105409,68.63525428,7.241148507,62.3061735,blackgram
114,8,50,24.74631269,88.30866319,6.581587932000001,57.95826144,watermelon
83,58,45,25.75528612,83.51827127,5.875345751,245.6626799,rice
20,7,9,29.47741671,91.57802915,7.1291369410000005,111.1727497,orange
35,41,18,28.70562673,81.59200689,6.705008503999999,59.87065439,mungbean
82,35,35,25.49386782,86.97061481,7.299076163,176.5268267,jute
3,63,16,24.38041875,61.18458224,6.868881707999999,53.13946695,lentil
100,58,41,23.17403323,87.88255345,6.6587699910000016,160.6217342,jute
54,61,77,18.81198127,15.21618225,6.206582192999999,77.54294240000002,chickpea
44,58,18,28.03644051,65.06601664,6.814410927999999,72.49507741,blackgram
31,72,17,28.69180475,49.47225353,5.833031707999999,96.36222901,pigeonpeas
11,41,19,26.85911286,41.81420849,5.131779302,44.13827124,mothbeans
50,55,16,28.81460716,65.33538112,7.581442888,62.26242533,blackgram
89,22,52,24.89681131,86.10782926,6.217300786,53.14626213,watermelon
31,78,76,17.57212145,14.99927489,8.519975748,89.31050665,chickpea
25,57,24,27.65472156,58.59986279,6.974978386,36.94255012,mothbeans
91,21,26,26.33377983,57.36469955,7.261313694,191.6549412,coffee
81,34,30,25.17787724,62.26244581,6.6477659970000005,135.0119649,coffee
6,77,25,20.61162204,24.36314135,5.792744849,69.63833855,kidneybeans
33,77,21,30.32992227,65.62971858,7.01285529,71.64631281,blackgram
30,65,82,20.71424384,15.27824066,7.103798069,76.77888672,chickpea
34,76,80,20.65691793,15.84572566,7.985417393,65.23811143,chickpea
28,70,21,25.39038396,60.4989659,7.437373666,39.18374505,lentil
20,28,26,26.37978453,91.49882979,5.547594847,167.0470997,coconut
22,79,17,21.42451099,20.39659714,5.912289889,116.5206923,kidneybeans
24,30,11,32.39523995,94.51768464,6.601395755,113.25373,orange
39,9,15,25.35467646,91.81183218,7.992041984,116.7555937,orange
16,29,13,32.31944397,93.67804556,6.196907944,117.6236473,orange
27,57,24,27.33534897,43.35795962,6.09186275,142.33036769999995,pigeonpeas
21,62,24,33.49077065,62.73317204,6.8473828910000005,65.45328463,blackgram
31,35,23,30.30260453,47.18283631,7.707595055,68.04039813,mothbeans
27,72,23,19.92889503,21.79992115,5.961934481,64.02640797,kidneybeans
56,57,48,31.56213762,93.0484859,6.506120752,63.62250788,papaya
39,64,53,23.012401800000006,91.07355541,6.598860305,208.3357976,papaya
85,52,45,26.31355498,82.36698992,7.224285503,265.5355937,rice
14,21,35,29.52501367,91.91185319,6.121005506,194.3100272,coconut
32,48,18,26.45707778,56.40226277,5.993513566,64.16167699,mothbeans
68,58,38,23.22397386,83.03322691,6.336253525,221.2091958,rice
20,29,10,29.07412717,93.27189064,7.36549204,100.7896871,orange
102,28,54,25.15623099,80.27525115,6.862157042000001,55.49541453,watermelon
98,53,38,20.26707606,81.63895217,5.01450727,270.4417274,rice
30,41,15,24.83206631,44.17085032,5.88509677,52.0810886,mothbeans
16,73,19,18.41645629,34.80541039,4.684079249,163.27474730000003,pigeonpeas
77,36,37,26.88444878,81.46033732,6.136131869,194.5766559,rice
13,60,25,17.13692774,20.59541693,5.68597166,128.256862,kidneybeans
117,30,50,24.90123934,87.20772913,6.744966312000001,46.59207341,watermelon
74,48,17,21.63162756,60.27766379,6.430616465,69.21803098,maize
28,27,32,28.94099669,93.00109012,5.764615485,191.7723087,coconut
49,55,53,38.4418717,93.63739039,6.544029776,77.71566883,papaya
32,76,15,28.05153602,63.49802189,7.604110177000001,43.35795377,lentil
66,53,19,23.09348056,60.11593810000001,6.033550195,65.49730729,maize
50,64,25,28.84079155,63.37230676,6.734447425,70.25496749,blackgram
10,37,22,28.7275267,89.12760359,7.069747813999999,58.52974279,mungbean
8,28,30,25.51618488,94.33465411,6.015672239,135.1272491,coconut
7,74,17,22.47253208,62.56532471,5.667419697000001,96.74706956,pigeonpeas
40,49,17,31.02215872,45.89239456,6.68727523,53.56783314,mothbeans
7,60,25,28.2753171,82.76020821,6.397636709,56.04995423,mungbean
60,55,40,24.9949957,88.95692783,7.02777956,151.4935635,jute
102,14,52,26.79489868,89.64815231,6.51075991,57.74091817,watermelon
91,36,45,24.44345477,82.45432595,5.950647577000001,267.97619480000003,rice
0,26,31,25.0707247,95.02156793,5.547933273,192.9036306,coconut
35,80,25,28.09269012,44.93322042,4.895927306,197.1144011,pigeonpeas
21,39,20,28.14448546,82.1193047,7.064782137999999,46.75690086,mungbean
108,35,25,23.98143338,61.10935084,6.971963169,161.5279095,coffee
24,44,17,29.8596912,80.03499648,6.666380512000001,50.66487502,mungbean
22,80,20,23.00884744,18.86880997,5.669560726,100.118612,kidneybeans
69,37,42,23.05804872,83.37011772,7.073453503,251.0549998,rice
31,8,7,34.51465139,93.63812684,7.163245982,103.5684926,orange
63,47,35,26.98582182,89.05587886,7.432768147000001,193.8778713,jute
31,13,33,27.63834933,95.48763389,5.85971872,205.5463111,coconut
34,29,8,31.87859192,91.15248149,6.450640306,105.3437825,orange
21,39,20,27.06179658,52.3003173,7.388007482999999,60.74583498,mothbeans
39,42,20,29.3499706,61.25353851,8.055908857999999,40.82840673,mothbeans
82,29,35,26.67377159,52.24226285,6.246872394,156.15438980000005,coffee
90,40,39,25.72668885,81.86171563,6.626503893,191.9649389,jute
11,61,21,18.62328774,23.02410338,5.532100554,135.33780330000002,kidneybeans
7,11,32,29.25902906,95.11294697,5.542169138999999,184.7624496,coconut
83,25,53,26.49195283,80.04678201,6.057697106,57.72799157,watermelon
69,67,52,27.71948962,94.43877142,6.827305908,82.83061083,papaya
39,65,23,25.43459777,69.12613376,7.685959305,41.02682925,lentil
89,52,45,24.89326318,77.01222585,7.207457207999999,196.469984,jute
63,43,19,18.51816776,55.53128131,6.641906353,90.988051,maize
21,38,20,27.10508014,63.56791363,5.794289715,62.20279647,mothbeans
103,17,51,25.11189154,80.02621335,6.209888345,44.20656987,watermelon
76,40,43,25.15745531,83.11713476,5.070175667,231.3843163,rice
76,47,42,20.08369642,83.29114712,5.739175027000001,263.6372176,rice
40,45,20,29.37687468,57.69622912,6.878498176,38.34303462,mothbeans
37,77,17,36.20970524,31.94550613,5.617122801,191.0658531,pigeonpeas
19,36,22,25.44689075,58.55363573,6.16496284,57.04826619,mothbeans
37,73,21,29.50304807,63.46513414,5.560224582999999,189.5208915,pigeonpeas
30,17,31,31.20478173,54.49960506,6.804437106,94.62954663,mango
81,18,50,26.44019475,80.91934337,6.507110986,47.81847573,watermelon
16,35,31,32.27652024,50.19368841,5.316875978000001,95.99487068,mango
93,91,47,27.84767901,83.31110751,6.101241579,117.2878912,banana
7,21,35,25.76011662,94.65830608,5.764812076,131.24514140000002,coconut
33,60,15,28.95172351,81.67085323,6.510840928,56.51103293,mungbean
42,73,25,34.03679184,67.21113844,6.501869314,73.23573601,blackgram
98,44,21,25.77175115,74.089114,6.524478032,107.4931917,maize
7,141,195,23.8812458,93.45067555,5.514253142,104.9116663,apple
2,24,34,28.89409382,54.80750249,6.472774648,94.76322976,mango
36,67,77,18.36952567,19.56381041,7.152811172000001,79.26357665,chickpea
28,45,23,29.65021184,80.29868321,6.489259136,56.76278363,mungbean
14,74,19,18.39759147,36.82639309,6.624966131,93.12330644,pigeonpeas
38,72,21,28.23416057,49.4421345,5.902103172,186.5008581,pigeonpeas
27,71,23,23.45379018,46.48714759,7.10959773,150.87122019999995,pigeonpeas
76,60,39,20.0454142,80.3477562,6.766240045,208.5810155,rice
36,29,13,20.68185224,90.91510525,7.829507245,109.7513927,orange
108,89,53,29.55054817,78.06762846,5.808497603999999,99.34482238,banana
3,28,33,30.33723921,48.88704844,5.755049971,94.42850522,mango
30,30,35,25.00872392,95.59224018,6.001936419,165.8092179,coconut
34,10,14,34.05296914,92.05811721,6.725600855,116.8020848,orange
20,19,35,34.17719782,50.62161586,6.113935087000001,98.00687989,mango
31,51,25,27.53592929,85.57019009999998,7.196774236,53.01899249,mungbean
3,69,23,28.67408774,63.18832976,7.299360767,42.96018627,lentil
38,19,31,34.73823882,49.08864345,5.855119267999999,90.65022183,mango
38,55,19,33.18184225,38.23184742,5.864623352000001,198.8298806,pigeonpeas
42,62,75,18.17912258,18.90426935,7.010570541,81.84997529,chickpea
37,72,18,18.87614998,24.54038287,5.724242065,105.4120514,kidneybeans
65,63,50,31.88342554,91.3256535,6.524459342,79.27201575,papaya
9,69,20,19.30607278,23.96362799,5.591560999,129.3449326,kidneybeans
63,50,52,28.64555584,93.22642604,6.751747609,115.8163936,papaya
23,55,16,21.01142393,69.69141302,5.111488821,185.2039114,pigeonpeas
18,30,29,26.762749300000007,92.86056895,6.4200187170000005,224.5903664,coconut
14,139,197,21.72484506,92.83975602,6.056529526,121.6961761,apple
48,57,54,29.02328049,90.20396783,6.617703177999999,126.8069869,papaya
38,56,25,25.74095321,45.38497051,7.88118645,67.43488235,mothbeans
91,53,40,26.52723513,81.41753846,5.386167788,264.6148697,rice
20,45,16,29.93964907,54.61813464,4.626212446,45.43669946,mothbeans
6,8,11,24.35590861,92.39651663,6.600948787999999,119.6946577,orange
15,36,27,27.78912455,53.96886679,5.6437102160000014,91.01152997,mango
25,21,11,32.23797837,90.15406807,6.460044777999999,104.7052254,orange
9,57,24,29.89232778,89.71503316,7.165121108999998,42.99498978,mungbean
117,86,48,28.6956201,82.54195839,6.225225238999999,116.1616839,banana
51,57,55,24.70528368,90.14732171,6.6764073370000006,108.4103158,papaya
5,18,14,33.105698100000005,93.48447453,7.434118807000001,119.1709113,orange
7,31,27,31.32863689,47.59319575,6.524114355,94.67344737,mango
13,72,21,24.32116642,21.0278674,5.821194486,60.27552528,kidneybeans
74,39,23,22.6265115,65.77472881,6.78073637,88.17251033,maize
26,126,195,21.41363812,92.99124545,5.878568981,118.3979065,apple
26,122,202,22.44516988,94.73763514,5.617227184,107.1843273,apple
63,58,47,26.83054058,90.75379971,6.864143752,144.66564440000005,papaya
24,55,78,17.30287885,15.15405941,6.64919573,75.57790384,chickpea
24,80,19,29.67892453,69.0854554,6.8080417220000005,65.66436565,blackgram
35,138,200,21.19909519,90.80819418,5.67130617,103.6838922,apple
9,66,21,30.11812084,34.13307843,5.719889876,157.0858232,pigeonpeas
31,13,33,29.69952329,95.21224392,6.342463714,148.30036919999995,coconut
96,46,22,20.58314011,69.00128641,6.499936446,66.29390357,maize
54,66,52,36.56769731,93.79503425,6.867554147000001,104.4218596,papaya
29,68,23,24.1638445,19.27907819,5.82738029,116.7324324,kidneybeans
106,21,35,25.627355,57.04151119,7.4285236339999985,188.5506536,coffee
26,80,18,19.32509638,23.3334788,5.581021521,104.7783947,kidneybeans
11,60,23,27.33684386,88.50229102,7.033012777000001,51.09802625,mungbean
2,61,20,22.13974653,23.02251117,5.95561668,76.64128258,kidneybeans
9,29,34,29.38471637,45.88744691,5.72742254,100.8124659,mango
94,50,19,23.30355338,73.62548442,5.873242491,97.59081274,maize
57,67,25,32.34744009,66.61452812,7.551364319,64.55882254,blackgram
118,88,52,28.65003945,82.68752542,5.8431631610000005,98.75084366,banana
0,69,21,25.86928193,61.88321072,7.072923306,36.68284038,lentil
2,56,23,26.65333029,59.79023382,7.550090941,36.91852635,mothbeans
20,68,17,30.11873003,60.11680815,6.578714842999999,71.72980375,blackgram
118,13,54,24.41311871,89.81574032,6.039584629,44.07843475,watermelon
87,48,25,18.65396672,61.37879671,6.656730007999999,93.62039175,maize
38,61,21,30.27374995,67.38680755,4.696518678,127.7767134,pigeonpeas
92,81,52,27.39341554,81.4654833,6.438137278999998,94.31102057,banana
3,60,19,25.74679443,40.7192594,4.820788186000001,100.7791633,pigeonpeas
35,131,203,22.42776057,93.91722423,5.893490899,102.7230739,apple
28,65,23,28.38686534,61.88871127,7.405176138,74.24459122,blackgram
9,139,199,23.25230817,94.54128292,5.867420996,105.3558408,apple
74,56,22,18.28362235,66.65952796,6.829199275,80.97573281,maize
11,78,22,23.89756791,22.74378977,5.940546818,112.6616435,kidneybeans
47,80,77,17.18248372,16.42891834,7.561108006,72.85017344,chickpea
54,67,52,35.67667332,93.30641944,6.586107335,141.3381168,papaya
24,14,33,29.38072512,93.27565685,6.366219551,218.5241851,coconut
34,62,55,27.58548913,90.72526502,6.585346229,238.5008779,papaya
29,140,195,23.64082979,90.95257927,5.560521058,116.7431319,apple
72,51,40,23.20683504,74.09956958,7.422318499,199.4766779,jute
37,6,13,26.03097313,91.50819306,7.511755067999999,101.2847738,orange
30,7,15,33.23453301,91.06053924,7.825531916,115.7659902,orange
26,27,10,28.06903173,92.91487288,6.079998496,114.1339416,orange
86,31,35,27.01207284,60.76645256,6.485761419,191.4508931,coffee
36,43,22,27.82684262,87.16679147,6.3898821660000005,58.37249772,mungbean
36,27,26,26.58413917,95.78923137,6.25449571,171.6262299,coconut
12,20,10,24.45132792,93.10527686,6.528354932,109.4711098,orange
12,71,19,24.91079638,60.71367427,7.142611056000002,42.19740397,lentil
37,62,22,24.02037872,61.62313345,7.397546271,49.78102578,lentil
82,22,45,26.22338015,85.34866045,6.512196212,54.60159289,watermelon
39,60,15,35.09357419,30.98685456,5.004074623999999,116.9106908,pigeonpeas
3,68,16,18.31910448,34.69776639,4.964887857,107.4721605,pigeonpeas
8,6,33,28.27804288,93.64761266,6.095261012999999,171.9457959,coconut
28,72,84,18.72963144,19.18197264,6.481783042999999,71.58010169,chickpea
56,75,15,30.20157245,60.06534859,7.152272256,66.37171179,blackgram
0,21,32,35.89855625,54.25964196,6.430139436,92.19721736,mango
37,24,13,19.14381903,90.71037456,7.8546243,108.0230792,orange
5,59,15,18.87492997,20.18238348,5.97229163,134.1811718,kidneybeans
7,20,12,16.53460397,94.76759975,6.475275337,110.0447896,orange
4,80,16,29.19585548,68.01965728,7.441976825,44.93261911,lentil
6,69,19,26.88630675,41.69617915,4.7509292180000005,94.46748008,pigeonpeas
42,53,48,23.11407669,94.31994776,6.758479569,231.5153161,papaya
109,79,45,27.66752761,79.68542782,6.490074429,108.66464,banana
5,16,31,35.96054636,48.69677802,4.555688532,98.00644238,mango
17,77,23,24.51324787,20.81527638,5.670062975,64.19497947,kidneybeans
24,128,196,22.75088787,90.69489172,5.521466996,110.4317855,apple
89,54,38,24.51588066,83.53521629999999,6.685346424,230.4462359,rice
98,25,52,25.2801372,83.15393658,6.224066378,49.29456609,watermelon
9,21,32,32.26935342,53.56092806,5.870116071,95.94035356,mango
105,77,52,29.16226551,76.16151562,5.816622478999999,100.0075679,banana
35,66,81,19.37101121,15.77458129,6.138243973,85.24819851,chickpea
2,143,196,22.71271308,90.45261746,5.669489065,109.8852597,apple
49,54,50,25.62446619,93.18240298,6.762522087000001,97.26336657,papaya
94,39,18,23.89114571,57.48775781,5.893093135,102.8301942,maize
40,64,16,16.43340342,24.24045875,5.926676985,140.3717815,kidneybeans
16,65,16,18.13027797,62.45851612,6.078724107,50.6128521,lentil
70,43,40,24.35564134,88.80391021,6.176860192,169.11680280000004,jute
116,71,47,27.57278064,82.0638878,6.435785799,91.34276507,banana
96,41,40,23.58419277,72.00460848,6.090060478,190.4242157,jute
73,35,38,24.88921174,81.97927117,5.005306977,185.9461429,rice
2,38,33,32.38697531,53.2328243,4.691396195,90.21633216,mango
82,46,41,23.325013100000003,79.79609448,6.581693772,187.3096148,jute
44,64,54,29.80744318,91.38048469,6.74274935,232.7046126,papaya
38,6,25,25.54963273,96.92786777,6.156259104,191.2996157,coconut
29,121,196,22.84852833,94.32130209,6.079497202000001,123.5977843,apple
103,33,33,26.71717393,50.50148528,7.131435858,126.8073984,coffee
9,49,16,30.88482722,41.36561835,7.661537347999999,55.053805,mothbeans
28,58,24,19.72702528,18.28173015,5.748190462999999,143.7630894,kidneybeans
109,29,28,23.26316991,60.51600210000001,6.724688502999999,194.1755471,coffee
25,68,77,20.09340593,15.11279612,7.701446446,85.74904898,chickpea
16,56,17,33.80020039,40.03262418,7.445444882999999,176.6165894,pigeonpeas
83,9,45,25.85483596,89.13163965,6.049609892,46.85176955,watermelon
22,51,16,27.96583691,61.34900107,8.639586199,70.10472076,mothbeans
33,58,24,35.45790488,68.75810535,5.269504214,108.6333046,pigeonpeas
28,58,25,27.4818649,62.04814951,6.861640036,37.81123974,lentil
90,16,45,24.92093261,80.61750795,6.291540277999999,50.55710813,watermelon
62,52,16,22.27526694,58.84015925,6.9670577620000005,63.87020584,maize
27,71,24,31.46417866,48.17631461,7.064973419,165.40535400000005,pigeonpeas
3,23,30,29.70143197,95.65754365,6.078807239,215.1968037,coconut
30,28,30,31.86641378,52.19331595,5.064613314,98.46768642,mango
93,56,42,23.85724032,82.22572988,7.382762603,195.0948311,rice
14,29,32,35.63627319,48.97047762,6.942520105,97.51952041,mango
14,48,21,29.24598976,84.80084105,6.991242362,53.43228915,mungbean
29,75,75,19.62416326,18.71483156,7.064790365,88.4585692,chickpea
68,52,49,24.42561272,92.27749066,6.577192175,63.35298768,papaya
10,56,16,28.17432665,81.04554836,6.828187498999998,36.35720652,mungbean
15,77,20,25.13163619,66.92642362,7.399749291,49.04015558,lentil
32,57,22,28.6899851,87.50436797,6.769415887999999,44.56598352,mungbean
96,54,22,25.70196694,61.33450447,6.960358276,83.20711308,maize
82,75,55,27.34585147,78.48738349999998,6.281069505,92.15524332,banana
26,68,24,28.04849594,64.07691942,7.504930973,37.15824966,lentil
37,36,26,32.89300162,52.61323969,4.650536197,94.49161372,mango
29,72,24,23.17409556,36.67847052,6.962386495,162.5931264,pigeonpeas
14,19,14,17.68408797,94.35815354,6.699164936,108.0638166,orange
35,30,34,28.2974764,95.41122824,6.141502001,182.4482352,coconut
10,125,196,22.31253665,90.03577124,5.730557448,113.0688155,apple
111,27,31,23.59302313,55.27564977,6.0433309510000015,191.3980675,coffee
14,76,20,29.05941162,62.10652364,7.042474679,36.5011366,lentil
50,58,23,27.81326852,62.50460464,7.596802025,69.75555541,blackgram
89,28,33,26.44414097,53.83876189,6.9932360010000005,175.3723314,coffee
52,60,79,19.45339934,18.23490739,8.380185271,75.6317566,chickpea
27,56,22,19.91853092,20.70099804,5.833010957999999,108.6434544,kidneybeans
48,62,47,25.34756111,93.02871078,6.803094965,174.40123369999995,papaya
3,67,24,17.00067625,19.90790546,5.520880013999999,103.2926407,kidneybeans
76,57,18,18.9802729,74.52600826,6.092725883,94.26249353,maize
81,36,38,23.76554749,87.98329901,6.334837865,150.31661519999997,jute
60,46,53,24.48620746,92.98254537,6.761953186,183.49095,papaya
80,15,28,23.11438731,68.00096043,6.703270635,161.8944624,coffee
4,36,22,27.60887393,86.13316408,7.012740397000001,43.80041104,mungbean
49,68,22,28.56840626,61.53278622,7.127064207,63.49726331,blackgram
22,56,17,29.87888063,87.32761241,6.89077995,44.75215854,mungbean
89,45,36,21.32504158,80.47476396,6.442475375,185.4974732,rice
82,77,46,28.9470467,82.1888998,5.901100841,95.83016448,banana
98,43,35,25.40785911,76.44048625,7.319952206,188.6372826,jute
117,82,45,25.29391516,79.29122198,5.614471478,105.4220251,banana
6,77,20,25.78746268,60.2816298,6.058306161,49.14337177,lentil
84,55,38,26.8748389,79.78725152,6.956682742999999,173.1017097,jute
36,56,83,18.89780215,19.76182946,7.4526709,69.09512477,chickpea
29,71,18,22.17499963,62.13873825,6.410441476,53.46622584,lentil
53,67,17,31.77681682,69.01852894,7.296972161,61.46892873,blackgram
40,55,18,30.38257873,40.5926071,7.115994051,47.95406479,mothbeans
25,143,198,22.81212536,91.51861705,6.027314401,107.855225,apple
31,58,15,27.11026483,84.96771717,7.121571293,51.52617423,mungbean
95,75,50,28.08166093,75.26429821,5.623615687000001,118.2761894,banana
99,73,53,26.29039046,81.06003778,5.8717022110000014,118.6730366,banana
97,22,26,23.60567546,59.68849145,6.074190142000001,185.1568059,coffee
16,71,24,18.33124824,38.40975482,4.946369874,139.64833169999997,pigeonpeas
3,78,18,20.21368219,68.65257685,6.887130053,50.89732989,lentil
106,85,53,27.1994597,78.80860679999998,5.91505509,99.72430835,banana

